Title,Catalog Number,Release Date,Abstract
Profil Pemuda Provinsi Maluku 2022,4103006.81,2024-01-05,"


				Salah satu agenda strategis pembangunan kepemudaan yakni menciptakan generasi penerus masa depan bangsa yang tangguh, mandiri, dan berdaya saing. Kualitas pemuda yang mumpuni akan menjadi pondasi yang kuat dalam menghadapi persaingan, kemajuan ilmu pengetahuan dan teknologi, serta perubahan tata nilai, budaya maupun norma. Oleh karena itu, dibutuhkan data dan informasi yang akurat dan aktual untuk menunjang keberhasilan pembangunan kepemudaan.Publikasi Profil Pemuda Provinsi Maluku 2022 ini berisikan data dan informasi kepemudaan di Maluku melalui berbagai aspek meliputi: demografi, pendidikan, kesehatan, ketenagakerjaan, serta teknologi dan informasi. Publikasi ini diharapkan dapat menjadi salah satu rujukan dalam memberikan rekomendasi terkait kebijakan dan strategi pembangunan di bidang kepemudaan.				

"
Profil Industri Mikro dan Kecil Provinsi Maluku 2022,6104006.81,2023-12-29,"


				Publikasi Profil Industri Mikro dan Kecil Provinsi Maluku 2022 ini merupakan publikasi hasil pelaksanaan Survei Industri Mikro dan Kecil Tahun 2022 (VIMK22). Publikasi ini menyajikan data tentang kegiatan usaha sektor industri manufaktur yang mempunyai tenaga kerja 1 â€“ 19 orang, yang meliputi antara lain banyaknya perusahaan, tenaga kerja, balas jasa pekerja, pengeluaran dan pendapatan, serta kendala dan prospek usaha Industri Mikro dan Kecil di Provinsi Maluku. 

"
Statistik Gender Provinsi Maluku 2022,2104012.81,2023-12-29,"


				Publikasi Statistik Gender Provinsi Maluku 2022 diterbitkan dengan menyajikan data mengenai perempuan dan laki-laki dalam kaitannya dengan komposisi penduduk, kesehatan, pendidikan, ketenagakerjaan, dan status sosial ekonomi. Sumber data yang digunakan sebagian besar hasil Survei Sosial Ekonomi Naisonal (Susenas) dan hasil Survei Angkatan Kerja Nasional, Sensus Penduduk (SP), Proyeksi Penduduk, Survei Demografi dan Kesehatan Indonesia (SDKI), serta hasil pencatatan administrasi dari instansi/lembaga tekait. Penyajian informasi diuraikan secara sederhana dalam bentuk gambar dan ulasan singkat agar mudah dipahami oleh masyarakat. 

"
Statistik Kesejahteraan Rakyat Provinsi Maluku Tahun 2023,4101002.81,2023-12-28,"


				Pembangunan Berkelanjutan (Sustainable Development Goals, SDGs) merupakan agenda global dengan membawa semangat bahwa dampak positif pembangunan harus dapat dinikmati oleh semua pihak tanpa ada satupun yang tertinggal, no one left behind. Semangat pembangunan berkelanjutan dalam kerangka kerja SDGs sejalan dengan tujuan pembangunan nasional, yaitu memberikan kesejahteraan untuk seluruh rakyat Indonesia. Dalam upaya mencapai target SDGs maupun target tujuan pembangunan nasional yang tertuang dalam RPJMN dan Nawacita, diperlukan dukungan data yang kredibel dan up to date.Badan Pusat Statistik (BPS) melalui pelaksanaan Survei Sosial Ekonomi Nasional (Susenas) berupaya untuk memenuhi kebutuhan data terkait kesejahteraan rakyat. Data diperoleh dari pelaksanaan Susenas Maret 2023 yang dilakukan terhadap 345.000 rumah tangga sampel. Data yang dipublikasikan dalam publikasi Statistik Kesejahteraan Rakyat 2023 berupa tabel-tabel yang memuat statistik sosial ekonomi di Indonesia serta disajikan pada tingkat nasional dan provinsi sehingga memungkinkan keterbandingan antar wilayah. Publikasi ini diharapkan dapat memenuhi kebutuhan pengguna data akan data-data sosial ekonomi untuk berbagai keperluan.				

"
Statistik Air Bersih Provinsi Maluku 2019 - 2020,6206001.81,2023-12-22,"


				-				

"
